file,column_or_row_name,unit,definition,data_type
./data/cation_exchange/vanDijk_dataset.csv,Soil,,Soil name,text
./data/cation_exchange/vanDijk_dataset.csv,Species,,Ion species,text
./data/cation_exchange/vanDijk_dataset.csv,Unit,,Units,text
./data/cation_exchange/vanDijk_dataset.csv,Time (day),days,Incubation time (days),numeric
./data/cation_exchange/vanDijk_dataset.csv,Fresh,µmol/L,Value of species,numeric
./data/cation_exchange/vanDijk_dataset.csv,Fluctuating,µmol/L,Value of species,numeric
./data/cation_exchange/vanDijk_dataset.csv,Salty,µmol/L,Value of species,numeric
./data/MEND_incubation/Andisol_control.csv,time,days,Incubation time (days),numeric
./data/MEND_incubation/Andisol_control.csv,IC,mgC/gsoil,Heterotrophic respiration,numeric
./data/MEND_incubation/Gelisol_control.csv,time,days,Incubation time (days),numeric
./data/MEND_incubation/Gelisol_control.csv,IC,mgC/gsoil,Heterotrophic respiration,numeric
./data/MEND_incubation/Mollisol_control.csv,time,days,Incubation time (days),numeric
./data/MEND_incubation/Mollisol_control.csv,IC,mgC/gsoil,Heterotrophic respiration,numeric
./data/MEND_incubation/Ultisol_control.csv,time,days,Incubation time (days),numeric
./data/MEND_incubation/Ultisol_control.csv,IC,mgC/gsoil,Heterotrophic respiration,numeric
./data/Salinity_response/Dong_bg.csv,salinity,,,numeric
./data/Salinity_response/Dong_bg.csv,rate,,,numeric
./data/Salinity_response/Dong_growth.csv,salinity,,,numeric
./data/Salinity_response/Dong_growth.csv,rate,,,numeric
./data/Salinity_response/Dong_lap.csv,salinity,,,numeric
./data/Salinity_response/Dong_lap.csv,rate,,,numeric
./data/Salinity_response/Dong_nag.csv,salinity,,,numeric
./data/Salinity_response/Dong_nag.csv,rate,,,numeric
./data/Salinity_response/laura_closs.csv,salinity,,,numeric
./data/Salinity_response/laura_closs.csv,rate,,,numeric
./data/Salinity_response/Rath_data1_BacGrowth.csv,salinity,,,numeric
./data/Salinity_response/Rath_data1_BacGrowth.csv,rate,,,numeric
./data/Salinity_response/Rath_data2_FunGrowth.csv,salinity,,,numeric
./data/Salinity_response/Rath_data2_FunGrowth.csv,rate,,,numeric
./data/Salinity_response/Rath_data3_resp.csv,salinity,,,numeric
./data/Salinity_response/Rath_data3_resp.csv,rate,,,numeric
./data/Salinity_response/tripathi_acidp.csv,salinity,,,numeric
./data/Salinity_response/tripathi_acidp.csv,rate,,,numeric
./data/Salinity_response/tripathi_alkp.csv,salinity,,,numeric
./data/Salinity_response/tripathi_alkp.csv,rate,,,numeric
./data/Salinity_response/tripathi_dehy.csv,salinity,,,numeric
./data/Salinity_response/tripathi_dehy.csv,rate,,,numeric
./data/Salinity_response/tripathi_glucosidase.csv,salinity,,,numeric
./data/Salinity_response/tripathi_glucosidase.csv,rate,,,numeric
./data/Salinity_response/tripathi_mbc.csv,salinity,,,numeric
./data/Salinity_response/tripathi_mbc.csv,rate,,,numeric
./data/Salinity_response/tripathi_p.csv,salinity,,,numeric
./data/Salinity_response/tripathi_p.csv,rate,,,numeric
./data/Salinity_response/tripathi_urea.csv,salinity,,,numeric
./data/Salinity_response/tripathi_urea.csv,rate,,,numeric
./Figure2_AquaMEND_salinity_buffer/clay_fresh.csv,time,days,Incubation time (days),numeric
./Figure2_AquaMEND_salinity_buffer/clay_fresh.csv,pH,(unitless),,numeric
./Figure2_AquaMEND_salinity_buffer/clay_fresh.csv,Na,mM,,numeric
./Figure2_AquaMEND_salinity_buffer/clay_fresh.csv,K,mM,,numeric
./Figure2_AquaMEND_salinity_buffer/clay_fresh.csv,Ca,mM,,numeric
./Figure2_AquaMEND_salinity_buffer/clay_fresh.csv,Mg,mM,,numeric
./Figure2_AquaMEND_salinity_buffer/clay_fresh.csv,PO4,mM,,numeric
./Figure2_AquaMEND_salinity_buffer/clay_fresh.csv,Cl,mM,,numeric
./Figure2_AquaMEND_salinity_buffer/clay_fresh.csv,NH4,mM,,numeric
./Figure2_AquaMEND_salinity_buffer/clay_fresh.csv,SO4,mM,,numeric
./Figure2_AquaMEND_salinity_buffer/clay_salt.csv,time,days,Incubation time (days),numeric
./Figure2_AquaMEND_salinity_buffer/clay_salt.csv,pH,(unitless),,numeric
./Figure2_AquaMEND_salinity_buffer/clay_salt.csv,Na,mM,,numeric
./Figure2_AquaMEND_salinity_buffer/clay_salt.csv,K,mM,,numeric
./Figure2_AquaMEND_salinity_buffer/clay_salt.csv,Ca,mM,,numeric
./Figure2_AquaMEND_salinity_buffer/clay_salt.csv,Mg,mM,,numeric
./Figure2_AquaMEND_salinity_buffer/clay_salt.csv,PO4,mM,,numeric
./Figure2_AquaMEND_salinity_buffer/clay_salt.csv,Cl,mM,,numeric
./Figure2_AquaMEND_salinity_buffer/clay_salt.csv,NH4,mM,,numeric
./Figure2_AquaMEND_salinity_buffer/clay_salt.csv,SO4,mM,,numeric
./Figure2_AquaMEND_salinity_buffer/peat_fresh.csv,time,days,Incubation time (days),numeric
./Figure2_AquaMEND_salinity_buffer/peat_fresh.csv,pH,(unitless),,numeric
./Figure2_AquaMEND_salinity_buffer/peat_fresh.csv,Na,mM,,numeric
./Figure2_AquaMEND_salinity_buffer/peat_fresh.csv,K,mM,,numeric
./Figure2_AquaMEND_salinity_buffer/peat_fresh.csv,Ca,mM,,numeric
./Figure2_AquaMEND_salinity_buffer/peat_fresh.csv,Mg,mM,,numeric
./Figure2_AquaMEND_salinity_buffer/peat_fresh.csv,PO4,mM,,numeric
./Figure2_AquaMEND_salinity_buffer/peat_fresh.csv,Cl,mM,,numeric
./Figure2_AquaMEND_salinity_buffer/peat_fresh.csv,NH4,mM,,numeric
./Figure2_AquaMEND_salinity_buffer/peat_fresh.csv,SO4,mM,,numeric
./Figure2_AquaMEND_salinity_buffer/peat_salt.csv,time,days,Incubation time (days),numeric
./Figure2_AquaMEND_salinity_buffer/peat_salt.csv,pH,(unitless),,numeric
./Figure2_AquaMEND_salinity_buffer/peat_salt.csv,Na,mM,,numeric
./Figure2_AquaMEND_salinity_buffer/peat_salt.csv,K,mM,,numeric
./Figure2_AquaMEND_salinity_buffer/peat_salt.csv,Ca,mM,,numeric
./Figure2_AquaMEND_salinity_buffer/peat_salt.csv,Mg,mM,,numeric
./Figure2_AquaMEND_salinity_buffer/peat_salt.csv,PO4,mM,,numeric
./Figure2_AquaMEND_salinity_buffer/peat_salt.csv,Cl,mM,,numeric
./Figure2_AquaMEND_salinity_buffer/peat_salt.csv,NH4,mM,,numeric
./Figure2_AquaMEND_salinity_buffer/peat_salt.csv,SO4,mM,,numeric
./Figure4_AquaMEND_microbial_mechanisms/Ultisol_control_gram.csv,time,days,Incubation time (days),numeric
./Figure4_AquaMEND_microbial_mechanisms/Ultisol_control_gram.csv,IC,mgC/gsoil,Heterotrophic respiration,numeric
./Figure7_AquaMEND_process_couple/annual_model.csv,parameter,,Parameter name,text
./Figure7_AquaMEND_process_couple/annual_model.csv,treatment,,Treatment name,text
./Figure7_AquaMEND_process_couple/annual_model.csv,process,,Model process name,text
./Figure7_AquaMEND_process_couple/annual_model.csv,response,,Responsive type,text
./Figure7_AquaMEND_process_couple/annual_model.csv,IC,mgC/gsoil,Heterotrophic respiration,numeric
./Figure7_AquaMEND_process_couple/annual_model.csv,stdev,mgC/gsoil,Standard deviation of HR,numeric
